CREATE DATABASE  IF NOT EXISTS `investigacionglobal` /*!40100 DEFAULT CHARACTER SET utf8mb4 COLLATE utf8mb4_0900_ai_ci */ /*!80016 DEFAULT ENCRYPTION='N' */;
USE `investigacionglobal`;
-- MySQL dump 10.13  Distrib 8.0.41, for Win64 (x86_64)
--
-- Host: localhost    Database: investigacionglobal
-- ------------------------------------------------------
-- Server version	8.0.41

/*!40101 SET @OLD_CHARACTER_SET_CLIENT=@@CHARACTER_SET_CLIENT */;
/*!40101 SET @OLD_CHARACTER_SET_RESULTS=@@CHARACTER_SET_RESULTS */;
/*!40101 SET @OLD_COLLATION_CONNECTION=@@COLLATION_CONNECTION */;
/*!50503 SET NAMES utf8 */;
/*!40103 SET @OLD_TIME_ZONE=@@TIME_ZONE */;
/*!40103 SET TIME_ZONE='+00:00' */;
/*!40014 SET @OLD_UNIQUE_CHECKS=@@UNIQUE_CHECKS, UNIQUE_CHECKS=0 */;
/*!40014 SET @OLD_FOREIGN_KEY_CHECKS=@@FOREIGN_KEY_CHECKS, FOREIGN_KEY_CHECKS=0 */;
/*!40101 SET @OLD_SQL_MODE=@@SQL_MODE, SQL_MODE='NO_AUTO_VALUE_ON_ZERO' */;
/*!40111 SET @OLD_SQL_NOTES=@@SQL_NOTES, SQL_NOTES=0 */;

--
-- Table structure for table `alumno`
--

DROP TABLE IF EXISTS `alumno`;
/*!40101 SET @saved_cs_client     = @@character_set_client */;
/*!50503 SET character_set_client = utf8mb4 */;
CREATE TABLE `alumno` (
  `idAlumno` int NOT NULL,
  `numeroCuenta` varchar(50) NOT NULL,
  `paterno` varchar(80) NOT NULL,
  `materno` varchar(80) NOT NULL,
  `nombre` varchar(80) NOT NULL,
  `email` varchar(120) NOT NULL,
  PRIMARY KEY (`idAlumno`)
) ENGINE=InnoDB DEFAULT CHARSET=utf8mb4 COLLATE=utf8mb4_0900_ai_ci;
/*!40101 SET character_set_client = @saved_cs_client */;

--
-- Dumping data for table `alumno`
--

LOCK TABLES `alumno` WRITE;
/*!40000 ALTER TABLE `alumno` DISABLE KEYS */;
INSERT INTO `alumno` VALUES (1,'A01234567','García','López','Juan Carlos','juan.garcia@estudiantes.universidad.edu'),(2,'A02345678','Martínez','Sánchez','María Fernanda','maria.martinez@estudiantes.universidad.edu'),(3,'A03456789','Rodríguez','Gómez','Luis Alberto','luis.rodriguez@estudiantes.universidad.edu'),(4,'A04567890','Hernández','Pérez','Ana Sofía','ana.hernandez@estudiantes.universidad.edu'),(5,'A05678901','González','Ramírez','Carlos Eduardo','carlos.gonzalez@estudiantes.universidad.edu'),(6,'A06789012','Fernández','Torres','Sofía Alejandra','sofia.fernandez@estudiantes.universidad.edu'),(7,'A07890123','López','Vargas','Miguel Ángel','miguel.lopez@estudiantes.universidad.edu'),(8,'A08901234','Sánchez','Castro','Laura Beatriz','laura.sanchez@estudiantes.universidad.edu'),(9,'A09012345','Ramírez','Ortega','Jorge Alejandro','jorge.ramirez@estudiantes.universidad.edu'),(10,'A00123456','Torres','Mendoza','Gabriela Isabel','gabriela.torres@estudiantes.universidad.edu'),(11,'A01122334','Flores','Silva','Ricardo Javier','ricardo.flores@estudiantes.universidad.edu'),(12,'A02233445','Mendoza','Rojas','Patricia Adriana','patricia.mendoza@estudiantes.universidad.edu'),(13,'A03344556','Castillo','Navarro','Francisco José','francisco.castillo@estudiantes.universidad.edu'),(14,'A04455667','Ortega','Jiménez','Verónica Lucía','veronica.ortega@estudiantes.universidad.edu'),(15,'A05566778','Vargas','Moreno','Alejandro David','alejandro.vargas@estudiantes.universidad.edu'),(16,'A06677889','Silva','Guerrero','Claudia Patricia','claudia.silva@estudiantes.universidad.edu'),(17,'A07788990','Rojas','Pacheco','Daniel Arturo','daniel.rojas@estudiantes.universidad.edu'),(18,'A08899001','Navarro','Ríos','Adriana Cecilia','adriana.navarro@estudiantes.universidad.edu'),(19,'A09900112','Jiménez','Miranda','Oscar Rafael','oscar.jimenez@estudiantes.universidad.edu'),(20,'A00011223','Moreno','Soto','Sandra Elizabeth','sandra.moreno@estudiantes.universidad.edu'),(21,'A01112233','Guerrero','Córdoba','José Manuel','jose.guerrero@estudiantes.universidad.edu'),(22,'A02223344','Pacheco','Aguilar','Mónica Liliana','monica.pacheco@estudiantes.universidad.edu'),(23,'A03334455','Ríos','Romero','Alberto Enrique','alberto.rios@estudiantes.universidad.edu'),(24,'A04445566','Miranda','Medina','Lucía Fernanda','lucia.miranda@estudiantes.universidad.edu'),(25,'A05556677','Soto','Vega','Raúl Alejandro','raul.soto@estudiantes.universidad.edu'),(26,'A06667788','Córdoba','Campos','Carolina Andrea','carolina.cordoba@estudiantes.universidad.edu'),(27,'A07778899','Aguilar','Orozco','Eduardo Antonio','eduardo.aguilar@estudiantes.universidad.edu'),(28,'A08889900','Romero','Salazar','Diana Carolina','diana.romero@estudiantes.universidad.edu'),(29,'A09990011','Medina','Mejía','Javier Ignacio','javier.medina@estudiantes.universidad.edu'),(30,'A00001112','Vega','Delgado','Isabel Cristina','isabel.vega@estudiantes.universidad.edu'),(31,'A01112234','Campos','Cruz','Manuel Alejandro','manuel.campos@estudiantes.universidad.edu'),(32,'A02223345','Orozco','Reyes','Ana María','ana.orozco@estudiantes.universidad.edu'),(33,'A03334456','Salazar','Núñez','Roberto Carlos','roberto.salazar@estudiantes.universidad.edu'),(34,'A04445567','Mejía','Espinoza','María José','maria.mejia@estudiantes.universidad.edu'),(35,'A05556678','Delgado','Méndez','Arturo Javier','arturo.delgado@estudiantes.universidad.edu'),(36,'A06667789','Cruz','Cervantes','Gabriela Fernanda','gabriela.cruz@estudiantes.universidad.edu'),(37,'A07778890','Reyes','Valdez','José Luis','jose.reyes@estudiantes.universidad.edu'),(38,'A08889901','Núñez','Guzmán','Laura Patricia','laura.nunez@estudiantes.universidad.edu'),(39,'A09990012','Espinoza','Contreras','Fernando Andrés','fernando.espinoza@estudiantes.universidad.edu'),(40,'A00001113','Méndez','Fuentes','Patricia Alejandra','patricia.mendez@estudiantes.universidad.edu'),(41,'A01112235','Cervantes','Ávila','Juan Pablo','juan.cervantes@estudiantes.universidad.edu'),(42,'A02223346','Valdez','Maldonado','María Fernanda','maria.valdez@estudiantes.universidad.edu'),(43,'A03334457','Guzmán','Ibarra','Luis Miguel','luis.guzman@estudiantes.universidad.edu'),(44,'A04445568','Contreras','Juárez','Sara Daniela','sara.contreras@estudiantes.universidad.edu'),(45,'A05556679','Fuentes','Rosas','Carlos Eduardo','carlos.fuentes@estudiantes.universidad.edu'),(46,'A06667790','Ávila','Lara','Ana Gabriela','ana.avila@estudiantes.universidad.edu'),(47,'A07778891','Maldonado','Santos','Jorge Alberto','jorge.maldonado@estudiantes.universidad.edu'),(48,'A08889902','Ibarra','Vázquez','María Luisa','maria.ibarra@estudiantes.universidad.edu'),(49,'A09990013','Juárez','Castañeda','Diego Armando','diego.juarez@estudiantes.universidad.edu'),(50,'A00001114','Rosas','Morales','Lucía Margarita','lucia.rosas@estudiantes.universidad.edu'),(51,'A01112236','Lara','Ochoa','Roberto Antonio','roberto.lara@estudiantes.universidad.edu'),(52,'A02223347','Santos','Serrano','Claudia Patricia','claudia.santos@estudiantes.universidad.edu'),(53,'A03334458','Vázquez','Tapia','Francisco Javier','francisco.vazquez@estudiantes.universidad.edu'),(54,'A04445569','Castañeda','Ramos','Laura Isabel','laura.castaneda@estudiantes.universidad.edu'),(55,'A05556680','Morales','Chávez','Alejandro José','alejandro.morales@estudiantes.universidad.edu'),(56,'A06667791','Ochoa','Herrera','María del Carmen','maria.ochoa@estudiantes.universidad.edu'),(57,'A07778892','Serrano','León','José Ricardo','jose.serrano@estudiantes.universidad.edu'),(58,'A08889903','Tapia','Rivera','Ana Laura','ana.tapia@estudiantes.universidad.edu'),(59,'A09990014','Ramos','Galván','Miguel Ernesto','miguel.ramos@estudiantes.universidad.edu'),(60,'A00001115','Chávez','Cortés','Silvia Elena','silvia.chavez@estudiantes.universidad.edu'),(61,'A01112237','Herrera','Villarreal','Juan Manuel','juan.herrera@estudiantes.universidad.edu'),(62,'A02223348','León','Bravo','María Guadalupe','maria.leon@estudiantes.universidad.edu'),(63,'A03334459','Rivera','Solís','Pedro Pablo','pedro.rivera@estudiantes.universidad.edu'),(64,'A04445570','Galván','Zúñiga','Rosa María','rosa.galvan@estudiantes.universidad.edu'),(65,'A05556681','Cortés','Olvera','José Antonio','jose.cortes@estudiantes.universidad.edu'),(66,'A06667792','Villarreal','Pineda','Patricia Margarita','patricia.villarreal@estudiantes.universidad.edu'),(67,'A07778893','Bravo','Quintero','Luis Fernando','luis.bravo@estudiantes.universidad.edu'),(68,'A08889904','Solís','Acosta','María Elena','maria.solis@estudiantes.universidad.edu'),(69,'A09990015','Zúñiga','Padilla','Carlos Arturo','carlos.zuniga@estudiantes.universidad.edu'),(70,'A00001116','Olvera','Rangel','Ana Cecilia','ana.olvera@estudiantes.universidad.edu'),(71,'A01112238','Pineda','Cabrera','Jorge Luis','jorge.pineda@estudiantes.universidad.edu'),(72,'A02223349','Quintero','Trejo','María Teresa','maria.quintero@estudiantes.universidad.edu'),(73,'A03334460','Acosta','Andrade','Francisco Xavier','francisco.acosta@estudiantes.universidad.edu'),(74,'A04445571','Padilla','Barrera','Laura Adriana','laura.padilla@estudiantes.universidad.edu'),(75,'A05556682','Rangel','Cisneros','Alberto Javier','alberto.rangel@estudiantes.universidad.edu'),(76,'A06667793','Cabrera','Durán','Sandra Marcela','sandra.cabrera@estudiantes.universidad.edu'),(77,'A07778894','Trejo','Escobar','José Francisco','jose.trejo@estudiantes.universidad.edu'),(78,'A08889905','Andrade','Fierro','María de Jesús','maria.andrade@estudiantes.universidad.edu'),(79,'A09990016','Barrera','Gaitán','Juan Carlos','juan.barrera@estudiantes.universidad.edu'),(80,'A00001117','Cisneros','Huerta','Ana Lilia','ana.cisneros@estudiantes.universidad.edu'),(81,'A01112239','Durán','Lozano','Luis Antonio','luis.duran@estudiantes.universidad.edu'),(82,'A02223350','Escobar','Magaña','María del Rosario','maria.escobar@estudiantes.universidad.edu'),(83,'A03334461','Fierro','Nava','Roberto Enrique','roberto.fierro@estudiantes.universidad.edu'),(84,'A04445572','Gaitán','Ortiz','Patricia Elena','patricia.gaitan@estudiantes.universidad.edu'),(85,'A05556683','Huerta','Peña','Javier Alejandro','javier.huerta@estudiantes.universidad.edu'),(86,'A06667794','Lozano','Quiroz','Lucía Patricia','lucia.lozano@estudiantes.universidad.edu'),(87,'A07778895','Magaña','Rivas','Carlos Manuel','carlos.magana@estudiantes.universidad.edu'),(88,'A08889906','Nava','Soria','María Guadalupe','maria.nava@estudiantes.universidad.edu'),(89,'A09990017','Ortiz','Téllez','José Ramón','jose.ortiz@estudiantes.universidad.edu'),(90,'A00001118','Peña','Uribe','Ana Bertha','ana.pena@estudiantes.universidad.edu'),(91,'A01112240','Quiroz','Vallejo','Luis Felipe','luis.quiroz@estudiantes.universidad.edu'),(92,'A02223351','Rivas','Zamora','María Concepción','maria.rivas@estudiantes.universidad.edu'),(93,'A03334462','Soria','Aguayo','Francisco Javier','francisco.soria@estudiantes.universidad.edu'),(94,'A04445573','Téllez','Beltrán','Laura Elena','laura.tellez@estudiantes.universidad.edu'),(95,'A05556684','Uribe','Cárdenas','Juan Diego','juan.uribe@estudiantes.universidad.edu'),(96,'A06667795','Vallejo','Domínguez','Ana María','ana.vallejo@estudiantes.universidad.edu'),(97,'A07778896','Zamora','Fuentes','José Guadalupe','jose.zamora@estudiantes.universidad.edu'),(98,'A08889907','Aguayo','González','María de Lourdes','maria.aguayo@estudiantes.universidad.edu'),(99,'A09990018','Beltrán','Hernández','Carlos Fernando','carlos.beltran@estudiantes.universidad.edu'),(100,'A00001119','Cárdenas','Jiménez','Patricia Adriana','patricia.cardenas@estudiantes.universidad.edu');
/*!40000 ALTER TABLE `alumno` ENABLE KEYS */;
UNLOCK TABLES;

--
-- Table structure for table `cuerpoacademico`
--

DROP TABLE IF EXISTS `cuerpoacademico`;
/*!40101 SET @saved_cs_client     = @@character_set_client */;
/*!50503 SET character_set_client = utf8mb4 */;
CREATE TABLE `cuerpoacademico` (
  `idCuerpoAcademico` int NOT NULL,
  `nombre` varchar(250) NOT NULL,
  `idIntegrante` int NOT NULL,
  PRIMARY KEY (`idCuerpoAcademico`),
  KEY `idIntegrante` (`idIntegrante`),
  CONSTRAINT `cuerpoacademico_ibfk_1` FOREIGN KEY (`idIntegrante`) REFERENCES `integrante` (`idIntegrante`)
) ENGINE=InnoDB DEFAULT CHARSET=utf8mb4 COLLATE=utf8mb4_0900_ai_ci;
/*!40101 SET character_set_client = @saved_cs_client */;

--
-- Dumping data for table `cuerpoacademico`
--

LOCK TABLES `cuerpoacademico` WRITE;
/*!40000 ALTER TABLE `cuerpoacademico` DISABLE KEYS */;
INSERT INTO `cuerpoacademico` VALUES (1,'Tecnologías de la Información y Comunicación',1),(2,'Inteligencia Artificial y Sistemas Inteligentes',5),(3,'Ciencia de Datos y Big Data',10),(4,'Seguridad Informática y Criptografía',15),(5,'Computación Distribuida y Cloud Computing',20),(6,'Robótica y Automatización',25),(7,'Ingeniería de Software',30),(8,'Redes y Telecomunicaciones',35),(9,'Computación Gráfica y Visualización',40),(10,'Sistemas Embebidos y IoT',45),(11,'Bioinformática y Computación Biológica',50),(12,'Computación Cuántica',55),(13,'Interacción Humano-Computadora',60),(14,'Procesamiento de Lenguaje Natural',65),(15,'Visión por Computadora',70),(16,'Sistemas Multiagente',75),(17,'Computación en la Nube',80),(18,'Blockchain y Tecnologías Distribuidas',85),(19,'Realidad Virtual y Aumentada',90),(20,'Videojuegos y Entretenimiento Digital',95),(21,'Sistemas Autónomos',2),(22,'Aprendizaje Automático',6),(23,'Minería de Datos',11),(24,'Ciberseguridad Aplicada',16),(25,'Arquitecturas de Software',21),(26,'Computación Móvil',26),(27,'Sistemas Inteligentes de Transporte',31),(28,'Computación en Salud',36),(29,'Tecnologías Educativas',41),(30,'Computación Sostenible',46),(31,'Sistemas Inteligentes y Aprendizaje Automático',47),(32,'Computación de Alto Rendimiento',52),(33,'Ingeniería de Software Avanzada',57),(34,'Redes y Sistemas Distribuidos',62),(35,'Computación Gráfica y Visualización',67),(36,'Sistemas Embebidos y IoT',72),(37,'Bioinformática y Biología Computacional',77),(38,'Computación Cuántica y Criptografía',82),(39,'Interacción Humano-Computadora',87),(40,'Procesamiento de Lenguaje Natural',92),(41,'Visión por Computadora y Reconocimiento de Patrones',97),(42,'Sistemas Multiagente e Inteligencia Colectiva',3),(43,'Computación en la Nube y Edge Computing',8),(44,'Blockchain y Tecnologías Distribuidas',13),(45,'Realidad Virtual, Aumentada y Mixta',18),(46,'Desarrollo de Videojuegos y Entretenimiento Digital',23),(47,'Sistemas Autónomos y Robótica Inteligente',28),(48,'Aprendizaje Automático y Minería de Datos',33),(49,'Análisis Predictivo y Ciencia de Datos',38),(50,'Seguridad Informática y Forensia Digital',43),(51,'Arquitecturas de Software y Sistemas Empresariales',48),(52,'Computación Móvil y Ubicua',53),(53,'Sistemas de Transporte Inteligente',58),(54,'Telemedicina y Salud Digital',63),(55,'Plataformas Educativas y Tecnologías del Aprendizaje',68),(56,'Computación Sostenible y Green IT',73),(57,'Sistemas de Recomendación y Filtrado de Información',78),(58,'Computación Neurológica y Redes Neuronales',83),(59,'Procesamiento de Señales e Imágenes',88),(60,'Arquitecturas Cognitivas y Sistemas Expertos',93),(61,'Ingeniería de Machine Learning',98),(62,'Criptografía Avanzada y Seguridad Post-Cuántica',4),(63,'Desarrollo de Software Ágil',9),(64,'Redes 5G/6G y Comunicaciones Avanzadas',14),(65,'Renderizado Avanzado y Animación por Computadora',19),(66,'Sensores Inteligentes y Sistemas de Percepción',24),(67,'Modelado Molecular y Simulación Computacional',29),(68,'Algoritmos Cuánticos y Computación Cuántica Aplicada',34),(69,'Interfaces Naturales y Sistemas Hápticos',39),(70,'Big Data Analytics y Procesamiento de Flujos de Datos',44),(71,'Contratos Inteligentes y Aplicaciones Descentralizadas',49),(72,'Realidad Virtual Inmersiva y Entornos 3D',54),(73,'Aprendizaje Profundo y Redes Neuronales Avanzadas',59),(74,'Detección de Intrusos y Seguridad en Redes',64),(75,'Computación Serverless y Arquitecturas sin Servidor',69),(76,'Robótica Médica y Sistemas de Asistencia',74),(77,'Calidad de Software y Métricas de Desarrollo',79),(78,'Redes Inalámbricas y Sistemas de Comunicación',84),(79,'Visualización Científica y Análisis Visual',89),(80,'Agricultura Inteligente y Sistemas Agropecuarios',94),(81,'Análisis de Expresión Génica y Genómica Computacional',99),(82,'Simulación Cuántica y Modelado de Sistemas Cuánticos',5),(83,'Interfaces Cerebro-Computadora y Neurotecnología',10),(84,'Análisis de Sentimientos y Minería de Opiniones',15),(85,'Computación en Memoria y Arquitecturas Emergentes',20),(86,'Robótica Social y Sistemas de Interacción',25),(87,'DevOps y Automatización de Procesos de Desarrollo',30),(88,'Redes Neuronales y Sistemas Bioinspirados',35),(89,'Forensia Digital y Análisis de Evidencia Electrónica',40),(90,'Computación Verde y Eficiencia Energética',45),(91,'Videojuegos Educativos y Gamificación',50),(92,'Sistemas Autónomos y Vehículos Inteligentes',55),(93,'Aprendizaje por Refuerzo y Sistemas Adaptativos',60),(94,'Análisis Predictivo y Modelado Estadístico',65),(95,'Seguridad en Aplicaciones Web y Móviles',70),(96,'Arquitecturas Empresariales y Sistemas de Información',75),(97,'Computación Ubicua y Sistemas Pervasivos',80),(98,'Sistemas de Transporte Inteligente y Logística',85),(99,'Telemedicina y Monitoreo Remoto de Salud',90),(100,'Plataformas Educativas y Entornos Virtuales',95);
/*!40000 ALTER TABLE `cuerpoacademico` ENABLE KEYS */;
UNLOCK TABLES;

--
-- Table structure for table `curso`
--

DROP TABLE IF EXISTS `curso`;
/*!40101 SET @saved_cs_client     = @@character_set_client */;
/*!50503 SET character_set_client = utf8mb4 */;
CREATE TABLE `curso` (
  `idCurso` int NOT NULL,
  `periodo` varchar(15) NOT NULL,
  `anio` int NOT NULL,
  `grupo` int NOT NULL,
  `idAsignaura` int NOT NULL,
  `idProfesor` int NOT NULL,
  PRIMARY KEY (`idCurso`),
  KEY `idProfesor` (`idProfesor`),
  CONSTRAINT `curso_ibfk_1` FOREIGN KEY (`idProfesor`) REFERENCES `profesor` (`idProfesor`)
) ENGINE=InnoDB DEFAULT CHARSET=utf8mb4 COLLATE=utf8mb4_0900_ai_ci;
/*!40101 SET character_set_client = @saved_cs_client */;

--
-- Dumping data for table `curso`
--

LOCK TABLES `curso` WRITE;
/*!40000 ALTER TABLE `curso` DISABLE KEYS */;
INSERT INTO `curso` VALUES (1,'Primavera',2023,1,1,1),(2,'Primavera',2023,2,1,2),(3,'Primavera',2023,1,2,3),(4,'Primavera',2023,1,3,4),(5,'Primavera',2023,1,4,5),(6,'Primavera',2023,1,5,6),(7,'Primavera',2023,1,6,7),(8,'Primavera',2023,1,7,8),(9,'Primavera',2023,1,8,9),(10,'Primavera',2023,1,9,10),(11,'Otoño',2023,1,10,11),(12,'Otoño',2023,1,11,12),(13,'Otoño',2023,1,12,13),(14,'Otoño',2023,1,13,14),(15,'Otoño',2023,1,14,15),(16,'Otoño',2023,1,15,16),(17,'Otoño',2023,1,16,17),(18,'Otoño',2023,1,17,18),(19,'Otoño',2023,1,18,19),(20,'Otoño',2023,1,19,20),(21,'Primavera',2024,1,20,21),(22,'Primavera',2024,1,21,22),(23,'Primavera',2024,1,22,23),(24,'Primavera',2024,1,23,24),(25,'Primavera',2024,1,24,25),(26,'Primavera',2024,1,25,26),(27,'Primavera',2024,1,26,27),(28,'Primavera',2024,1,27,28),(29,'Primavera',2024,1,28,29),(30,'Primavera',2024,1,29,30),(31,'Otoño',2024,1,30,31),(32,'Otoño',2024,1,31,32),(33,'Otoño',2024,1,32,33),(34,'Otoño',2024,1,33,34),(35,'Otoño',2024,1,34,35),(36,'Otoño',2024,1,35,36),(37,'Otoño',2024,1,36,37),(38,'Otoño',2024,1,37,38),(39,'Otoño',2024,1,38,39),(40,'Otoño',2024,1,39,40),(41,'Primavera',2023,1,40,41),(42,'Primavera',2023,1,41,42),(43,'Primavera',2023,1,42,43),(44,'Primavera',2023,1,43,44),(45,'Primavera',2023,1,44,45),(46,'Primavera',2023,1,45,46),(47,'Primavera',2023,1,46,47),(48,'Primavera',2023,1,47,48),(49,'Primavera',2023,1,48,49),(50,'Primavera',2023,1,49,50),(51,'Otoño',2023,1,50,51),(52,'Otoño',2023,1,51,52),(53,'Otoño',2023,1,52,53),(54,'Otoño',2023,1,53,54),(55,'Otoño',2023,1,54,55),(56,'Otoño',2023,1,55,56),(57,'Otoño',2023,1,56,57),(58,'Otoño',2023,1,57,58),(59,'Otoño',2023,1,58,59),(60,'Otoño',2023,1,59,60),(61,'Primavera',2024,1,60,61),(62,'Primavera',2024,1,1,62),(63,'Primavera',2024,2,1,63),(64,'Primavera',2024,1,2,64),(65,'Primavera',2024,1,3,65),(66,'Primavera',2024,1,4,66),(67,'Primavera',2024,1,5,67),(68,'Primavera',2024,1,6,68),(69,'Primavera',2024,1,7,69),(70,'Primavera',2024,1,8,70),(71,'Otoño',2024,1,9,71),(72,'Otoño',2024,1,10,72),(73,'Otoño',2024,1,11,73),(74,'Otoño',2024,1,12,74),(75,'Otoño',2024,1,13,75),(76,'Otoño',2024,1,14,76),(77,'Otoño',2024,1,15,77),(78,'Otoño',2024,1,16,78),(79,'Otoño',2024,1,17,79),(80,'Otoño',2024,1,18,80),(81,'Primavera',2023,1,19,81),(82,'Primavera',2023,1,20,82),(83,'Primavera',2023,1,21,83),(84,'Primavera',2023,1,22,84),(85,'Primavera',2023,1,23,85),(86,'Primavera',2023,1,24,86),(87,'Primavera',2023,1,25,87),(88,'Primavera',2023,1,26,88),(89,'Primavera',2023,1,27,89),(90,'Primavera',2023,1,28,90),(91,'Otoño',2023,1,29,91),(92,'Otoño',2023,1,30,92),(93,'Otoño',2023,1,31,93),(94,'Otoño',2023,1,32,94),(95,'Otoño',2023,1,33,95),(96,'Otoño',2023,1,34,96),(97,'Otoño',2023,1,35,97),(98,'Otoño',2023,1,36,98),(99,'Otoño',2023,1,37,99),(100,'Otoño',2023,1,38,100);
/*!40000 ALTER TABLE `curso` ENABLE KEYS */;
UNLOCK TABLES;

--
-- Table structure for table `integrante`
--

DROP TABLE IF EXISTS `integrante`;
/*!40101 SET @saved_cs_client     = @@character_set_client */;
/*!50503 SET character_set_client = utf8mb4 */;
CREATE TABLE `integrante` (
  `idIntegrante` int NOT NULL,
  `paterno` varchar(90) NOT NULL,
  `materno` varchar(90) NOT NULL,
  `nombre` varchar(110) NOT NULL,
  PRIMARY KEY (`idIntegrante`)
) ENGINE=InnoDB DEFAULT CHARSET=utf8mb4 COLLATE=utf8mb4_0900_ai_ci;
/*!40101 SET character_set_client = @saved_cs_client */;

--
-- Dumping data for table `integrante`
--

LOCK TABLES `integrante` WRITE;
/*!40000 ALTER TABLE `integrante` DISABLE KEYS */;
INSERT INTO `integrante` VALUES (1,'García','López','Juan Carlos'),(2,'Martínez','Sánchez','María Elena'),(3,'Rodríguez','Pérez','Luis Fernando'),(4,'Hernández','Gómez','Ana Patricia'),(5,'González','Díaz','Carlos Alberto'),(6,'Fernández','Ruiz','Sofía Alejandra'),(7,'López','Hernández','Miguel Ángel'),(8,'Sánchez','Martínez','Laura Beatriz'),(9,'Ramírez','García','Jorge Eduardo'),(10,'Torres','Flores','Gabriela Isabel'),(11,'Flores','Vargas','Ricardo Javier'),(12,'Mendoza','Castro','Patricia Irene'),(13,'Castillo','Ortega','Francisco José'),(14,'Ortega','Mendoza','Verónica Lucía'),(15,'Vargas','Silva','Alejandro David'),(16,'Silva','Rojas','Claudia Marcela'),(17,'Rojas','Navarro','Daniel Arturo'),(18,'Navarro','Jiménez','Adriana Cecilia'),(19,'Jiménez','Moreno','Oscar Rafael'),(20,'Moreno','Guerrero','Sandra Elizabeth'),(21,'Guerrero','Pacheco','José Manuel'),(22,'Pacheco','Ríos','Mónica Liliana'),(23,'Ríos','Miranda','Alberto Enrique'),(24,'Miranda','Soto','Lucía Fernanda'),(25,'Soto','Córdoba','Raúl Alejandro'),(26,'Córdoba','Aguilar','Carolina Andrea'),(27,'Aguilar','Romero','Eduardo Antonio'),(28,'Romero','Medina','Diana Carolina'),(29,'Medina','Vega','Javier Ignacio'),(30,'Vega','Campos','Isabel Cristina'),(31,'Campos','Orozco','Manuel Alejandro'),(32,'Orozco','Salazar','Ana María'),(33,'Salazar','Mejía','Roberto Carlos'),(34,'Mejía','Delgado','María José'),(35,'Delgado','Cruz','Arturo Javier'),(36,'Cruz','Reyes','Gabriela Fernanda'),(37,'Reyes','Núñez','José Luis'),(38,'Núñez','Espinoza','Laura Patricia'),(39,'Espinoza','Méndez','Fernando Andrés'),(40,'Méndez','Cervantes','Patricia Alejandra'),(41,'Cervantes','Valdez','Juan Pablo'),(42,'Valdez','Guzmán','María Fernanda'),(43,'Guzmán','Contreras','Luis Miguel'),(44,'Contreras','Fuentes','Sara Daniela'),(45,'Fuentes','Ávila','Carlos Eduardo'),(46,'Ávila','Maldonado','Ana Gabriela'),(47,'Maldonado','Ibarra','Jorge Alberto'),(48,'Ibarra','Juárez','María Luisa'),(49,'Juárez','Rosas','Diego Armando'),(50,'Rosas','Lara','Lucía Margarita'),(51,'Lara','Santos','Roberto Antonio'),(52,'Santos','Vázquez','Claudia Patricia'),(53,'Vázquez','Castañeda','Francisco Javier'),(54,'Castañeda','Morales','Laura Isabel'),(55,'Morales','Ochoa','Alejandro José'),(56,'Ochoa','Serrano','María del Carmen'),(57,'Serrano','Tapia','José Ricardo'),(58,'Tapia','Ramos','Ana Laura'),(59,'Ramos','Chávez','Miguel Ernesto'),(60,'Chávez','Herrera','Silvia Elena'),(61,'Herrera','León','Juan Manuel'),(62,'León','Rivera','María Guadalupe'),(63,'Rivera','Galván','Pedro Pablo'),(64,'Galván','Cortés','Rosa María'),(65,'Cortés','Villarreal','José Antonio'),(66,'Villarreal','Bravo','Patricia Margarita'),(67,'Bravo','Solís','Luis Fernando'),(68,'Solís','Zúñiga','María Elena'),(69,'Zúñiga','Olvera','Carlos Arturo'),(70,'Olvera','Pineda','Ana Cecilia'),(71,'Pineda','Quintero','Jorge Luis'),(72,'Quintero','Acosta','María Teresa'),(73,'Acosta','Padilla','Francisco Xavier'),(74,'Padilla','Rangel','Laura Adriana'),(75,'Rangel','Cabrera','Alberto Javier'),(76,'Cabrera','Trejo','Sandra Marcela'),(77,'Trejo','Andrade','José Francisco'),(78,'Andrade','Barrera','María de Jesús'),(79,'Barrera','Cisneros','Juan Carlos'),(80,'Cisneros','Durán','Ana Lilia'),(81,'Durán','Escobar','Luis Antonio'),(82,'Escobar','Fierro','María del Rosario'),(83,'Fierro','Gaitán','Roberto Enrique'),(84,'Gaitán','Huerta','Patricia Elena'),(85,'Huerta','Lozano','Javier Alejandro'),(86,'Lozano','Magaña','Lucía Patricia'),(87,'Magaña','Nava','Carlos Manuel'),(88,'Nava','Ortiz','María Guadalupe'),(89,'Ortiz','Peña','José Ramón'),(90,'Peña','Quiroz','Ana Bertha'),(91,'Quiroz','Rivas','Luis Felipe'),(92,'Rivas','Soria','María Concepción'),(93,'Soria','Téllez','Francisco Javier'),(94,'Téllez','Uribe','Laura Elena'),(95,'Uribe','Vallejo','Juan Diego'),(96,'Vallejo','Zamora','Ana María'),(97,'Zamora','Aguayo','José Guadalupe'),(98,'Aguayo','Beltrán','María de Lourdes'),(99,'Beltrán','Cárdenas','Carlos Fernando'),(100,'Cárdenas','Domínguez','Patricia Adriana');
/*!40000 ALTER TABLE `integrante` ENABLE KEYS */;
UNLOCK TABLES;

--
-- Table structure for table `investigador`
--

DROP TABLE IF EXISTS `investigador`;
/*!40101 SET @saved_cs_client     = @@character_set_client */;
/*!50503 SET character_set_client = utf8mb4 */;
CREATE TABLE `investigador` (
  `idInvestigador` int NOT NULL,
  `paterno` varchar(80) NOT NULL,
  `materno` varchar(80) NOT NULL,
  `nombre` varchar(120) NOT NULL,
  `orcid` varchar(30) NOT NULL,
  `email` varchar(150) NOT NULL,
  `movil` varchar(15) NOT NULL,
  PRIMARY KEY (`idInvestigador`)
) ENGINE=InnoDB DEFAULT CHARSET=utf8mb4 COLLATE=utf8mb4_0900_ai_ci;
/*!40101 SET character_set_client = @saved_cs_client */;

--
-- Dumping data for table `investigador`
--

LOCK TABLES `investigador` WRITE;
/*!40000 ALTER TABLE `investigador` DISABLE KEYS */;
INSERT INTO `investigador` VALUES (1,'García','López','Juan Carlos','0000-0001-1234-5678','jcgarcia@university.edu','5512345678'),(2,'Martínez','Sánchez','María Elena','0000-0002-2345-6789','memartinez@university.edu','5523456789'),(3,'Rodríguez','Pérez','Luis Fernando','0000-0003-3456-7890','lfrodriguez@university.edu','5534567890'),(4,'Hernández','Gómez','Ana Patricia','0000-0004-4567-8901','aphernandez@university.edu','5545678901'),(5,'González','Díaz','Carlos Alberto','0000-0005-5678-9012','cagonzalez@university.edu','5556789012'),(6,'Fernández','Ruiz','Sofía Alejandra','0000-0006-6789-0123','safernandez@university.edu','5567890123'),(7,'López','Hernández','Miguel Ángel','0000-0007-7890-1234','malopez@university.edu','5578901234'),(8,'Sánchez','Martínez','Laura Beatriz','0000-0008-8901-2345','lbsanchez@university.edu','5589012345'),(9,'Ramírez','García','Jorge Eduardo','0000-0009-9012-3456','jeramirez@university.edu','5590123456'),(10,'Torres','Flores','Gabriela Isabel','0000-0010-0123-4567','gitorres@university.edu','5511234567'),(11,'Flores','Vargas','Ricardo Javier','0000-0011-1234-5679','rjflores@university.edu','5522345678'),(12,'Mendoza','Castro','Patricia Irene','0000-0012-2345-6780','pimendoza@university.edu','5533456789'),(13,'Castillo','Ortega','Francisco José','0000-0013-3456-7891','fjcastillo@university.edu','5544567890'),(14,'Ortega','Mendoza','Verónica Lucía','0000-0014-4567-8902','vlortega@university.edu','5555678901'),(15,'Vargas','Silva','Alejandro David','0000-0015-5678-9013','advargas@university.edu','5566789012'),(16,'Silva','Rojas','Claudia Marcela','0000-0016-6789-0124','cmsilva@university.edu','5577890123'),(17,'Rojas','Navarro','Daniel Arturo','0000-0017-7890-1235','darojas@university.edu','5588901234'),(18,'Navarro','Jiménez','Adriana Cecilia','0000-0018-8901-2346','acnavarro@university.edu','5599012345'),(19,'Jiménez','Moreno','Oscar Rafael','0000-0019-9012-3457','orjimenez@university.edu','5510123456'),(20,'Moreno','Guerrero','Sandra Elizabeth','0000-0020-0123-4568','semoreno@university.edu','5521234567'),(21,'Guerrero','Pacheco','José Manuel','0000-0021-1234-5670','jmguerrero@university.edu','5532345678'),(22,'Pacheco','Ríos','Mónica Liliana','0000-0022-2345-6781','mlpacheco@university.edu','5543456789'),(23,'Ríos','Miranda','Alberto Enrique','0000-0023-3456-7892','aerios@university.edu','5554567890'),(24,'Miranda','Soto','Lucía Fernanda','0000-0024-4567-8903','lfmiranda@university.edu','5565678901'),(25,'Soto','Córdoba','Raúl Alejandro','0000-0025-5678-9014','rasoto@university.edu','5576789012'),(26,'Córdoba','Aguilar','Carolina Andrea','0000-0026-6789-0125','cacordoba@university.edu','5587890123'),(27,'Aguilar','Romero','Eduardo Antonio','0000-0027-7890-1236','eaaguilar@university.edu','5598901234'),(28,'Romero','Medina','Diana Carolina','0000-0028-8901-2347','dcromero@university.edu','5519012345'),(29,'Medina','Vega','Javier Ignacio','0000-0029-9012-3458','jimedina@university.edu','5520123456'),(30,'Vega','Campos','Isabel Cristina','0000-0030-0123-4569','icvega@university.edu','5531234567'),(31,'Campos','Orozco','Manuel Alejandro','0000-0031-1234-5671','macampos@university.edu','5542345678'),(32,'Orozco','Salazar','Ana María','0000-0032-2345-6782','amorozco@university.edu','5553456789'),(33,'Salazar','Mejía','Roberto Carlos','0000-0033-3456-7893','rcsalazar@university.edu','5564567890'),(34,'Mejía','Delgado','María José','0000-0034-4567-8904','mjmejia@university.edu','5575678901'),(35,'Delgado','Cruz','Arturo Javier','0000-0035-5678-9015','ajdelgado@university.edu','5586789012'),(36,'Cruz','Reyes','Gabriela Fernanda','0000-0036-6789-0126','gfcruz@university.edu','5597890123'),(37,'Reyes','Núñez','José Luis','0000-0037-7890-1237','jlreyes@university.edu','5518901234'),(38,'Núñez','Espinoza','Laura Patricia','0000-0038-8901-2348','lpnunez@university.edu','5529012345'),(39,'Espinoza','Méndez','Fernando Andrés','0000-0039-9012-3459','faespinoza@university.edu','5530123456'),(40,'Méndez','Cervantes','Patricia Alejandra','0000-0040-0123-4560','pamendez@university.edu','5541234567'),(41,'Cervantes','Valdez','Juan Pablo','0000-0041-1234-5672','jpcervantes@university.edu','5552345678'),(42,'Valdez','Guzmán','María Fernanda','0000-0042-2345-6783','mfvaldez@university.edu','5563456789'),(43,'Guzmán','Contreras','Luis Miguel','0000-0043-3456-7894','lmguzman@university.edu','5574567890'),(44,'Contreras','Fuentes','Sara Daniela','0000-0044-4567-8905','sdcontreras@university.edu','5585678901'),(45,'Fuentes','Ávila','Carlos Eduardo','0000-0045-5678-9016','cefuentes@university.edu','5596789012'),(46,'Ávila','Maldonado','Ana Gabriela','0000-0046-6789-0127','agavila@university.edu','5517890123'),(47,'Maldonado','Ibarra','Jorge Alberto','0000-0047-7890-1238','jamaldonado@university.edu','5528901234'),(48,'Ibarra','Juárez','María Luisa','0000-0048-8901-2349','mlibarra@university.edu','5539012345'),(49,'Juárez','Rosas','Diego Armando','0000-0049-9012-3450','dajuarez@university.edu','5540123456'),(50,'Rosas','Lara','Lucía Margarita','0000-0050-0123-4561','lmrosas@university.edu','5551234567'),(51,'Lara','Santos','Roberto Antonio','0000-0051-1234-5673','ralara@university.edu','5562345678'),(52,'Santos','Vázquez','Claudia Patricia','0000-0052-2345-6784','cpsantos@university.edu','5573456789'),(53,'Vázquez','Castañeda','Francisco Javier','0000-0053-3456-7895','fjvazquez@university.edu','5584567890'),(54,'Castañeda','Morales','Laura Isabel','0000-0054-4567-8906','licastaneda@university.edu','5595678901'),(55,'Morales','Ochoa','Alejandro José','0000-0055-5678-9017','ajmorales@university.edu','5516789012'),(56,'Ochoa','Serrano','María del Carmen','0000-0056-6789-0128','mcochoa@university.edu','5527890123'),(57,'Serrano','Tapia','José Ricardo','0000-0057-7890-1239','jrserrano@university.edu','5538901234'),(58,'Tapia','Ramos','Ana Laura','0000-0058-8901-2340','altapia@university.edu','5549012345'),(59,'Ramos','Chávez','Miguel Ernesto','0000-0059-9012-3451','meramos@university.edu','5550123456'),(60,'Chávez','Herrera','Silvia Elena','0000-0060-0123-4562','sechavez@university.edu','5561234567'),(61,'Herrera','León','Juan Manuel','0000-0061-1234-5674','jmherrera@university.edu','5572345678'),(62,'León','Rivera','María Guadalupe','0000-0062-2345-6785','mgleon@university.edu','5583456789'),(63,'Rivera','Galván','Pedro Pablo','0000-0063-3456-7896','pprivera@university.edu','5594567890'),(64,'Galván','Cortés','Rosa María','0000-0064-4567-8907','rmgalvan@university.edu','5515678901'),(65,'Cortés','Villarreal','José Antonio','0000-0065-5678-9018','jacortes@university.edu','5526789012'),(66,'Villarreal','Bravo','Patricia Margarita','0000-0066-6789-0129','pmvillarreal@university.edu','5537890123'),(67,'Bravo','Solís','Luis Fernando','0000-0067-7890-1240','lfbravo@university.edu','5548901234'),(68,'Solís','Zúñiga','María Elena','0000-0068-8901-2341','mesolis@university.edu','5559012345'),(69,'Zúñiga','Olvera','Carlos Arturo','0000-0069-9012-3452','cazuniga@university.edu','5560123456'),(70,'Olvera','Pineda','Ana Cecilia','0000-0070-0123-4563','acolvera@university.edu','5571234567'),(71,'Pineda','Quintero','Jorge Luis','0000-0071-1234-5675','jlpineda@university.edu','5582345678'),(72,'Quintero','Acosta','María Teresa','0000-0072-2345-6786','mtquintero@university.edu','5593456789'),(73,'Acosta','Padilla','Francisco Xavier','0000-0073-3456-7897','fxacosta@university.edu','5514567890'),(74,'Padilla','Rangel','Laura Adriana','0000-0074-4567-8908','lapadilla@university.edu','5525678901'),(75,'Rangel','Cabrera','Alberto Javier','0000-0075-5678-9019','ajrangel@university.edu','5536789012'),(76,'Cabrera','Trejo','Sandra Marcela','0000-0076-6789-0130','smcabrera@university.edu','5547890123'),(77,'Trejo','Andrade','José Francisco','0000-0077-7890-1241','jftrejo@university.edu','5558901234'),(78,'Andrade','Barrera','María de Jesús','0000-0078-8901-2342','mjandrade@university.edu','5569012345'),(79,'Barrera','Cisneros','Juan Carlos','0000-0079-9012-3453','jcbarrera@university.edu','5570123456'),(80,'Cisneros','Durán','Ana Lilia','0000-0080-0123-4564','alcisneros@university.edu','5581234567'),(81,'Durán','Escobar','Luis Antonio','0000-0081-1234-5676','laduran@university.edu','5592345678'),(82,'Escobar','Fierro','María del Rosario','0000-0082-2345-6787','mrescobar@university.edu','5513456789'),(83,'Fierro','Gaitán','Roberto Enrique','0000-0083-3456-7898','refierro@university.edu','5524567890'),(84,'Gaitán','Huerta','Patricia Elena','0000-0084-4567-8909','pegaitan@university.edu','5535678901'),(85,'Huerta','Lozano','Javier Alejandro','0000-0085-5678-9020','jahuerta@university.edu','5546789012'),(86,'Lozano','Magaña','Lucía Patricia','0000-0086-6789-0131','lplozano@university.edu','5557890123'),(87,'Magaña','Nava','Carlos Manuel','0000-0087-7890-1242','cmmagana@university.edu','5568901234'),(88,'Nava','Ortiz','María Guadalupe','0000-0088-8901-2343','mgnava@university.edu','5579012345'),(89,'Ortiz','Peña','José Ramón','0000-0089-9012-3454','jortiz@university.edu','5580123456'),(90,'Peña','Quiroz','Ana Bertha','0000-0090-0123-4565','abpena@university.edu','5591234567'),(91,'Quiroz','Rivas','Luis Felipe','0000-0091-1234-5677','lfquiroz@university.edu','5512345678'),(92,'Rivas','Soria','María Concepción','0000-0092-2345-6788','mcrivas@university.edu','5523456789'),(93,'Soria','Téllez','Francisco Javier','0000-0093-3456-7899','fjsoria@university.edu','5534567890'),(94,'Téllez','Uribe','Laura Elena','0000-0094-4567-8910','letellez@university.edu','5545678901'),(95,'Uribe','Vallejo','Juan Diego','0000-0095-5678-9021','jduribe@university.edu','5556789012'),(96,'Vallejo','Zamora','Ana María','0000-0096-6789-0132','amvallejo@university.edu','5567890123'),(97,'Zamora','Aguayo','José Guadalupe','0000-0097-7890-1243','jgzamora@university.edu','5578901234'),(98,'Aguayo','Beltrán','María de Lourdes','0000-0098-8901-2344','mlaguayo@university.edu','5589012345'),(99,'Beltrán','Cárdenas','Carlos Fernando','0000-0099-9012-3455','cfbeltran@university.edu','5590123456'),(100,'Cárdenas','Domínguez','Patricia Adriana','0000-0100-0123-4566','pacardenas@university.edu','5511234567');
/*!40000 ALTER TABLE `investigador` ENABLE KEYS */;
UNLOCK TABLES;

--
-- Table structure for table `linea`
--

DROP TABLE IF EXISTS `linea`;
/*!40101 SET @saved_cs_client     = @@character_set_client */;
/*!50503 SET character_set_client = utf8mb4 */;
CREATE TABLE `linea` (
  `idLinea` int NOT NULL,
  `nombre` varchar(120) NOT NULL,
  `descripcion` varchar(500) NOT NULL,
  `idCuerpoAcademico` int NOT NULL,
  PRIMARY KEY (`idLinea`),
  KEY `idCuerpoAcademico` (`idCuerpoAcademico`),
  CONSTRAINT `linea_ibfk_1` FOREIGN KEY (`idCuerpoAcademico`) REFERENCES `cuerpoacademico` (`idCuerpoAcademico`)
) ENGINE=InnoDB DEFAULT CHARSET=utf8mb4 COLLATE=utf8mb4_0900_ai_ci;
/*!40101 SET character_set_client = @saved_cs_client */;

--
-- Dumping data for table `linea`
--

LOCK TABLES `linea` WRITE;
/*!40000 ALTER TABLE `linea` DISABLE KEYS */;
INSERT INTO `linea` VALUES (1,'Machine Learning Avanzado','Investigación en algoritmos de aprendizaje automático y sus aplicaciones',2),(2,'Procesamiento de Lenguaje Natural','Técnicas para el análisis y generación de lenguaje humano por computadoras',14),(3,'Visión por Computadora','Algoritmos para interpretación y análisis de imágenes digitales',15),(4,'Ciberseguridad en Sistemas Distribuidos','Protección de sistemas distribuidos contra amenazas cibernéticas',4),(5,'Computación en la Nube','Tecnologías y arquitecturas para computación en la nube',5),(6,'Robótica Autónoma','Desarrollo de sistemas robóticos con capacidad de toma de decisiones',6),(7,'Ingeniería de Software Ágil','Metodologías ágiles para el desarrollo de software',7),(8,'Redes 5G y 6G','Investigación en tecnologías de redes de próxima generación',8),(9,'Renderizado Avanzado','Técnicas para generación de gráficos por computadora',9),(10,'IoT Industrial','Aplicaciones de Internet de las Cosas en entornos industriales',10),(11,'Análisis Genómico','Técnicas computacionales para análisis de secuencias genéticas',11),(12,'Algoritmos Cuánticos','Desarrollo de algoritmos para computación cuántica',12),(13,'Interfaces Naturales','Sistemas de interacción humano-computadora basados en gestos y voz',13),(14,'Big Data Analytics','Técnicas para procesamiento y análisis de grandes volúmenes de datos',3),(15,'Blockchain Aplicado','Implementaciones prácticas de tecnología blockchain',18),(16,'Realidad Mixta','Integración de realidad virtual y aumentada',19),(17,'Inteligencia Artificial Generativa','Modelos para generación de contenido artificial',2),(18,'Seguridad en IoT','Protección de dispositivos y redes del Internet de las Cosas',4),(19,'Arquitecturas Microservicios','Diseño y optimización de arquitecturas basadas en microservicios',7),(20,'Computación Edge','Procesamiento de datos en el borde de la red',5),(21,'Robótica de Enjambre','Coordinación de múltiples robots para tareas colaborativas',6),(22,'Testing Automatizado','Técnicas para automatización de pruebas de software',7),(23,'Redes Definidas por Software','Virtualización y programación de redes',8),(24,'Animación por Computadora','Algoritmos para generación de animaciones digitales',9),(25,'Sensores Inteligentes','Desarrollo y aplicación de sensores con capacidades computacionales',10),(26,'Modelado Molecular','Simulación computacional de estructuras moleculares',11),(27,'Criptografía Post-Cuántica','Algoritmos de seguridad resistentes a computación cuántica',12),(28,'Interacción Táctil','Tecnologías para interfaces hápticas',13),(29,'Streaming de Datos','Procesamiento de flujos continuos de datos',3),(30,'Contratos Inteligentes','Desarrollo y seguridad de smart contracts',18),(31,'Realidad Virtual Inmersiva','Técnicas para aumentar la inmersión en entornos virtuales',19),(32,'Aprendizaje Profundo','Redes neuronales profundas y sus aplicaciones',2),(33,'Detección de Intrusos','Sistemas para identificación de ataques en redes',4),(34,'Computación Serverless','Arquitecturas basadas en funciones como servicio',5),(35,'Robótica Médica','Aplicaciones robóticas en el ámbito de la salud',6),(36,'Calidad de Software','Métricas y técnicas para garantizar calidad en desarrollo de software',7),(37,'Redes Inalámbricas','Optimización y seguridad en redes sin cables',8),(38,'Visualización Científica','Representación gráfica de datos científicos',9),(39,'Agricultura Inteligente','Aplicaciones de IoT en agricultura',10),(40,'Análisis de Expresión Génica','Técnicas computacionales para estudio de genes',11),(41,'Simulación Cuántica','Modelado de sistemas cuánticos en computadoras clásicas',12),(42,'Interacción Cerebro-Computadora','Sistemas de interfaz neuronal directa',13),(43,'Análisis de Sentimientos','Técnicas para determinar emociones en texto',14),(44,'Computación en Memoria','Arquitecturas que integran procesamiento y almacenamiento',5),(45,'Robótica Social','Interacción humano-robot en entornos sociales',6),(46,'DevOps','Integración entre desarrollo y operaciones de TI',7),(47,'Redes Neuronales','Modelos y aplicaciones de redes neuronales artificiales',2),(48,'Forensia Digital','Técnicas para investigación de delitos digitales',4),(49,'Computación Verde','Técnicas para reducir consumo energético en computación',30),(50,'Videojuegos Educativos','Desarrollo de juegos con fines educativos',20),(51,'Sistemas Autónomos','Tecnologías para sistemas que operan sin intervención humana',21),(52,'Aprendizaje por Refuerzo','Algoritmos de aprendizaje basados en recompensas',22),(53,'Análisis Predictivo','Técnicas para predicción basada en datos históricos',23),(54,'Seguridad en Aplicaciones Web','Protección contra vulnerabilidades en aplicaciones web',24),(55,'Arquitecturas Empresariales','Diseño de arquitecturas TI para grandes organizaciones',25),(56,'Computación Ubicua','Sistemas computacionales omnipresentes',26),(57,'Sistemas de Transporte Inteligente','Tecnologías para optimización del transporte',27),(58,'Telemedicina','Aplicaciones computacionales en medicina a distancia',28),(59,'Plataformas Educativas','Desarrollo de tecnologías para educación digital',29),(60,'Computación Sostenible','Prácticas ambientalmente responsables en TI',30),(61,'Sistemas de Recomendación Personalizados','Desarrollo de algoritmos para sistemas de recomendación adaptativos basados en preferencias de usuario',57),(62,'Redes Neuronales Profundas','Investigación en arquitecturas avanzadas de redes neuronales y sus aplicaciones',58),(63,'Procesamiento Digital de Señales Biomédicas','Análisis computacional de señales médicas para diagnóstico asistido',59),(64,'Sistemas Expertos para Toma de Decisiones','Desarrollo de sistemas basados en conocimiento para apoyo a la toma de decisiones complejas',60),(65,'Automatización del Aprendizaje Automático','Técnicas para automatizar el proceso de desarrollo de modelos de machine learning',61),(66,'Algoritmos Post-Cuánticos','Desarrollo de algoritmos criptográficos resistentes a computación cuántica',62),(67,'Metodologías Ágiles Avanzadas','Investigación en mejoras y adaptaciones de metodologías ágiles de desarrollo',63),(68,'Redes de Baja Latencia','Optimización de redes para aplicaciones que requieren mínima latencia',64),(69,'Renderizado en Tiempo Real','Técnicas avanzadas para generación de gráficos 3D en tiempo real',65),(70,'Sensores Inteligentes para IoT','Desarrollo de sensores con capacidades de procesamiento integrado',66),(71,'Dockeo Molecular Computacional','Simulación de interacciones moleculares para descubrimiento de fármacos',67),(72,'Optimización Cuántica','Aplicación de algoritmos cuánticos a problemas de optimización compleja',68),(73,'Interacción Gestual Natural','Sistemas de reconocimiento e interpretación de gestos humanos',69),(74,'Procesamiento de Flujos de Datos','Técnicas para análisis continuo de datos en movimiento',70),(75,'Blockchain para Identidad Digital','Aplicaciones de blockchain en gestión de identidad y acceso',71),(76,'Realidad Virtual Inmersiva','Técnicas para aumentar el realismo y presencia en entornos virtuales',72),(77,'Redes Generativas Adversarias','Aplicaciones avanzadas de GANs en generación de contenido',73),(78,'Detección de Amenazas en Redes','Algoritmos para identificación temprana de ciberataques',74),(79,'Arquitecturas Serverless','Patrones y mejores prácticas para computación sin servidor',75),(80,'Robótica Asistiva','Desarrollo de robots para asistencia a personas con discapacidad',76),(81,'Métricas de Calidad de Software','Indicadores cuantitativos para evaluación de calidad en desarrollo',77),(82,'Redes 5G/6G','Investigación en tecnologías para redes móviles de nueva generación',78),(83,'Visualización de Datos Complejos','Técnicas para representación gráfica de datos multidimensionales',79),(84,'Agricultura de Precisión','Aplicación de IoT y análisis de datos en optimización agrícola',80),(85,'Análisis de Secuenciación Genética','Procesamiento computacional de datos genómicos masivos',81),(86,'Simulación de Materiales Cuánticos','Modelado computacional de propiedades de materiales cuánticos',82),(87,'Interfaces Neurales Directas','Sistemas de comunicación cerebro-computadora no invasivos',83),(88,'Análisis de Opinión en Redes Sociales','Técnicas para extracción y clasificación de opiniones en texto',84),(89,'Memristores y Computación Neuromórfica','Arquitecturas basadas en memristores para emular redes neuronales',85),(90,'Robótica Colaborativa','Sistemas para interacción segura humano-robot en entornos compartidos',86),(91,'Integración Continua Avanzada','Técnicas para automatización y optimización de pipelines CI/CD',87),(92,'Redes Neuronales Spiking','Modelos de redes neuronales que emulan el comportamiento biológico',88),(93,'Análisis Forense Digital','Métodos para recuperación y análisis de evidencia digital',89),(94,'Computación de Bajo Consumo','Técnicas para reducir el consumo energético en sistemas computacionales',90),(95,'Gamificación Educativa','Aplicación de mecánicas de juego en entornos educativos digitales',91),(96,'Vehículos Autónomos','Sistemas computacionales para navegación autónoma de vehículos',92),(97,'Aprendizaje por Refuerzo Profundo','Combinación de deep learning con aprendizaje por refuerzo',93),(98,'Modelos Predictivos en Salud','Aplicación de machine learning para predicción de condiciones médicas',94),(99,'Seguridad en APIs','Protección de interfaces de programación contra vulnerabilidades',95),(100,'Arquitecturas Microservicios','Diseño y optimización de sistemas basados en microservicios',96);
/*!40000 ALTER TABLE `linea` ENABLE KEYS */;
UNLOCK TABLES;

--
-- Table structure for table `produccion`
--

DROP TABLE IF EXISTS `produccion`;
/*!40101 SET @saved_cs_client     = @@character_set_client */;
/*!50503 SET character_set_client = utf8mb4 */;
CREATE TABLE `produccion` (
  `idProduccion` int NOT NULL,
  `tipo` varchar(60) NOT NULL,
  `titulo` varchar(250) NOT NULL,
  `anio` int NOT NULL,
  `idInvestigador` int NOT NULL,
  PRIMARY KEY (`idProduccion`),
  KEY `idInvestigador` (`idInvestigador`),
  CONSTRAINT `produccion_ibfk_1` FOREIGN KEY (`idInvestigador`) REFERENCES `investigador` (`idInvestigador`)
) ENGINE=InnoDB DEFAULT CHARSET=utf8mb4 COLLATE=utf8mb4_0900_ai_ci;
/*!40101 SET character_set_client = @saved_cs_client */;

--
-- Dumping data for table `produccion`
--

LOCK TABLES `produccion` WRITE;
/*!40000 ALTER TABLE `produccion` DISABLE KEYS */;
INSERT INTO `produccion` VALUES (1,'Artículo','Machine Learning aplicado al diagnóstico médico temprano',2023,1),(2,'Libro','Inteligencia Artificial: Fundamentos y Aplicaciones',2022,5),(3,'Capítulo de libro','Redes Neuronales Convolucionales en Visión por Computadora',2021,10),(4,'Artículo','Análisis de Big Data para la predicción de tendencias económicas',2023,15),(5,'Conferencia','Blockchain y su impacto en la seguridad de datos',2022,20),(6,'Artículo','Nuevos algoritmos para optimización en sistemas distribuidos',2021,25),(7,'Patente','Sistema automatizado para monitoreo de cultivos',2023,30),(8,'Artículo','Estudio comparativo de frameworks de desarrollo web',2022,35),(9,'Libro','Ciberseguridad en la era del Internet de las Cosas',2021,40),(10,'Artículo','Modelado de sistemas complejos usando teoría de redes',2023,45),(11,'Conferencia','Realidad Virtual en la educación superior',2022,50),(12,'Artículo','Análisis de sentimientos en redes sociales',2021,55),(13,'Capítulo de libro','Técnicas de minería de datos en la industria 4.0',2023,60),(14,'Artículo','Diseño de interfaces humano-computadora intuitivas',2022,65),(15,'Patente','Dispositivo para medición de calidad del aire',2021,70),(16,'Artículo','Aplicaciones de la computación cuántica',2023,75),(17,'Libro','Desarrollo de Software Ágil: Metodologías y Casos de Estudio',2022,80),(18,'Artículo','Algoritmos genéticos en la resolución de problemas complejos',2021,85),(19,'Conferencia','Tendencias en el desarrollo de videojuegos educativos',2023,90),(20,'Artículo','Sistemas de recomendación basados en aprendizaje profundo',2022,95),(21,'Capítulo de libro','Ética en la Inteligencia Artificial',2021,100),(22,'Artículo','Análisis de rendimiento en bases de datos NoSQL',2023,2),(23,'Patente','Método para detección temprana de fallas en maquinaria industrial',2022,7),(24,'Artículo','Computación en la nube: retos y oportunidades',2021,12),(25,'Libro','Robótica Autónoma: Principios y Aplicaciones',2023,17),(26,'Artículo','Técnicas de visualización de datos multidimensionales',2022,22),(27,'Conferencia','Machine Learning para sistemas de transporte inteligente',2021,27),(28,'Artículo','Seguridad en aplicaciones móviles bancarias',2023,32),(29,'Capítulo de libro','Procesamiento de lenguaje natural en asistentes virtuales',2022,37),(30,'Artículo','Optimización de rutas usando algoritmos bioinspirados',2021,42),(31,'Patente','Sistema de reconocimiento facial para control de acceso',2023,47),(32,'Artículo','Análisis de vulnerabilidades en sistemas IoT',2022,52),(33,'Libro','Big Data en la toma de decisiones empresariales',2021,57),(34,'Artículo','Modelos predictivos para el sector salud',2023,62),(35,'Conferencia','Tecnologías emergentes en la educación digital',2022,67),(36,'Artículo','Arquitecturas de microservicios: ventajas y desafíos',2021,72),(37,'Capítulo de libro','Realidad Aumentada en museos y exposiciones',2023,77),(38,'Artículo','Algoritmos para detección de anomalías en redes',2022,82),(39,'Patente','Dispositivo wearable para monitoreo de signos vitales',2021,87),(40,'Artículo','Computación cuántica: estado actual y perspectivas',2023,92),(41,'Libro','Desarrollo de Aplicaciones Móviles Multiplataforma',2022,97),(42,'Artículo','Técnicas de anonimización en protección de datos',2021,3),(43,'Conferencia','Inteligencia Artificial en la agricultura de precisión',2023,8),(44,'Artículo','Evaluación de frameworks para desarrollo web frontend',2022,13),(45,'Capítulo de libro','Redes 5G y sus aplicaciones en ciudades inteligentes',2021,18),(46,'Artículo','Sistemas de detección de intrusos basados en ML',2023,23),(47,'Patente','Método para optimización de consumo energético en centros de datos',2022,28),(48,'Artículo','Análisis de rendimiento en contenedores Docker',2021,33),(49,'Libro','Machine Learning para Finanzas',2023,38),(50,'Artículo','Técnicas de testing automatizado en desarrollo ágil',2022,43),(51,'Conferencia','Blockchain en la gestión de cadenas de suministro',2021,48),(52,'Artículo','Modelos de aprendizaje federado para privacidad de datos',2023,53),(53,'Capítulo de libro','Interfaces cerebro-computadora: avances recientes',2022,58),(54,'Artículo','Algoritmos para equilibrio de carga en sistemas distribuidos',2021,63),(55,'Patente','Sistema de navegación autónoma para robots móviles',2023,68),(56,'Artículo','Análisis de seguridad en protocolos IoT',2022,73),(57,'Libro','Cloud Computing: Arquitecturas y Patrones de Diseño',2021,78),(58,'Artículo','Técnicas de compresión de datos para transmisión eficiente',2023,83),(59,'Conferencia','Realidad Mixta en entornos industriales',2022,88),(60,'Artículo','Modelos de deep learning para diagnóstico por imágenes',2021,93),(61,'Capítulo de libro','Criptografía post-cuántica: fundamentos y desafíos',2023,98),(62,'Artículo','Optimización de consultas en bases de datos gráficas',2022,4),(63,'Patente','Sistema de reconocimiento de gestos para interfaces naturales',2021,9),(64,'Artículo','Análisis de performance en aplicaciones serverless',2023,14),(65,'Libro','DevOps: Integración Continua y Despliegue Automatizado',2022,19),(66,'Artículo','Técnicas de clustering en análisis de datos biomédicos',2021,24),(67,'Conferencia','Edge Computing para sistemas de tiempo real',2023,29),(68,'Artículo','Seguridad en APIs REST: mejores prácticas',2022,34),(69,'Capítulo de libro','Simulación de sistemas complejos usando agentes',2021,39),(70,'Artículo','Algoritmos para sincronización en sistemas distribuidos',2023,44),(71,'Patente','Método para detección temprana de enfermedades oculares',2022,49),(72,'Artículo','Análisis de escalabilidad en arquitecturas microservicios',2021,54),(73,'Libro','Inteligencia Artificial Generativa: Principios y Aplicaciones',2023,59),(74,'Artículo','Técnicas de federated learning para privacidad de datos',2022,64),(75,'Conferencia','Computación Cuántica: Algoritmos y Aplicaciones Prácticas',2021,69),(76,'Artículo','Modelos predictivos para mantenimiento preventivo industrial',2023,74),(77,'Capítulo de libro','Realidad Virtual en terapia y rehabilitación',2022,79),(78,'Artículo','Algoritmos para routing en redes definidas por software',2021,84),(79,'Patente','Sistema de autenticación multifactor basado en biometría',2023,89),(80,'Artículo','Análisis de vulnerabilidades en aplicaciones web modernas',2022,94),(81,'Libro','Machine Learning Operations (MLOps): Mejores Prácticas',2021,99),(82,'Artículo','Técnicas de procesamiento paralelo en GPUs',2023,6),(83,'Conferencia','Blockchain para registros médicos electrónicos',2022,11),(84,'Artículo','Evaluación de modelos de lenguaje grandes (LLMs)',2021,16),(85,'Capítulo de libro','Sistemas multiagente en logística inteligente',2023,21),(86,'Artículo','Algoritmos para detección de deepfakes',2022,26),(87,'Patente','Dispositivo para monitoreo ambiental en tiempo real',2021,31),(88,'Artículo','Análisis de rendimiento en bases de datos en memoria',2023,36),(89,'Libro','Seguridad en Aplicaciones Blockchain',2022,41),(90,'Artículo','Técnicas de aprendizaje automático para sistemas de recomendación',2021,46),(91,'Conferencia','Computación Neuromórfica: Estado del Arte',2023,51),(92,'Artículo','Modelos de atención en redes neuronales',2022,56),(93,'Capítulo de libro','Internet de las Cosas Industrial (IIoT)',2021,61),(94,'Artículo','Algoritmos para optimización de recursos en cloud computing',2023,66),(95,'Patente','Sistema de reconocimiento de voz para lenguas indígenas',2022,71),(96,'Artículo','Análisis de privacidad en redes sociales descentralizadas',2021,76),(97,'Libro','Desarrollo de Videojuegos con Unreal Engine',2023,81),(98,'Artículo','Técnicas de aumento de datos en visión por computadora',2022,86),(99,'Conferencia','Aprendizaje por Refuerzo en Robótica',2021,91),(100,'Artículo','Modelos de generación de texto con transformers',2023,96);
/*!40000 ALTER TABLE `produccion` ENABLE KEYS */;
UNLOCK TABLES;

--
-- Table structure for table `profesor`
--

DROP TABLE IF EXISTS `profesor`;
/*!40101 SET @saved_cs_client     = @@character_set_client */;
/*!50503 SET character_set_client = utf8mb4 */;
CREATE TABLE `profesor` (
  `idProfesor` int NOT NULL,
  `paterno` varchar(80) NOT NULL,
  `materno` varchar(80) NOT NULL,
  `nombre` varchar(80) NOT NULL,
  `email` varchar(250) NOT NULL,
  `fehcaIngreso` date NOT NULL,
  PRIMARY KEY (`idProfesor`)
) ENGINE=InnoDB DEFAULT CHARSET=utf8mb4 COLLATE=utf8mb4_0900_ai_ci;
/*!40101 SET character_set_client = @saved_cs_client */;

--
-- Dumping data for table `profesor`
--

LOCK TABLES `profesor` WRITE;
/*!40000 ALTER TABLE `profesor` DISABLE KEYS */;
INSERT INTO `profesor` VALUES (1,'Gómez','Pérez','Carlos','carlos.gomez@universidad.edu','2010-08-15'),(2,'López','García','María','maria.lopez@universidad.edu','2012-03-22'),(3,'Martínez','Sánchez','Juan','juan.martinez@universidad.edu','2011-07-10'),(4,'Rodríguez','Fernández','Ana','ana.rodriguez@universidad.edu','2013-01-30'),(5,'Hernández','González','Luis','luis.hernandez@universidad.edu','2014-09-18'),(6,'Díaz','Ramírez','Laura','laura.diaz@universidad.edu','2010-11-05'),(7,'Torres','Flores','Pedro','pedro.torres@universidad.edu','2012-06-28'),(8,'Vargas','Ruiz','Sofía','sofia.vargas@universidad.edu','2015-04-12'),(9,'Castro','Mendoza','Jorge','jorge.castro@universidad.edu','2011-02-20'),(10,'Ortega','Silva','Patricia','patricia.ortega@universidad.edu','2013-10-08'),(11,'Rojas','Navarro','Ricardo','ricardo.rojas@universidad.edu','2014-07-25'),(12,'Jiménez','Moreno','Gabriela','gabriela.jimenez@universidad.edu','2010-05-14'),(13,'Méndez','Guerrero','Francisco','francisco.mendez@universidad.edu','2012-12-03'),(14,'Cortés','Pacheco','Claudia','claudia.cortes@universidad.edu','2015-08-19'),(15,'Santos','Ríos','Alejandro','alejandro.santos@universidad.edu','2011-04-07'),(16,'Vega','Miranda','Adriana','adriana.vega@universidad.edu','2013-11-22'),(17,'Campos','Soto','Daniel','daniel.campos@universidad.edu','2014-06-10'),(18,'Orozco','Córdoba','Mariana','mariana.orozco@universidad.edu','2010-09-28'),(19,'Salazar','Aguilar','Roberto','roberto.salazar@universidad.edu','2012-02-15'),(20,'Mejía','Romero','Lucía','lucia.mejia@universidad.edu','2015-01-05'),(21,'Delgado','Medina','Javier','javier.delgado@universidad.edu','2011-10-12'),(22,'Cruz','Vega','Isabel','isabel.cruz@universidad.edu','2013-07-30'),(23,'Reyes','Campos','Manuel','manuel.reyes@universidad.edu','2014-04-17'),(24,'Núñez','Orozco','Carmen','carmen.nunez@universidad.edu','2010-12-24'),(25,'Espinoza','Salazar','Fernando','fernando.espinoza@universidad.edu','2012-09-11'),(26,'Méndez','Mejía','Diana','diana.mendez@universidad.edu','2015-06-03'),(27,'Cervantes','Delgado','Arturo','arturo.cervantes@universidad.edu','2011-03-20'),(28,'Valdez','Cruz','Silvia','silvia.valdez@universidad.edu','2013-12-08'),(29,'Guzmán','Reyes','Raúl','raul.guzman@universidad.edu','2014-05-25'),(30,'Contreras','Núñez','Rosa','rosa.contreras@universidad.edu','2010-08-12'),(31,'Fuentes','Espinoza','Miguel','miguel.fuentes@universidad.edu','2012-01-29'),(32,'Ávila','Méndez','Verónica','veronica.avila@universidad.edu','2015-10-16'),(33,'Maldonado','Cervantes','José','jose.maldonado@universidad.edu','2011-07-04'),(34,'Ibarra','Valdez','Teresa','teresa.ibarra@universidad.edu','2013-04-21'),(35,'Juárez','Guzmán','Alberto','alberto.juarez@universidad.edu','2014-11-08'),(36,'Rosas','Contreras','Elena','elena.rosas@universidad.edu','2010-02-15'),(37,'Lara','Fuentes','Guillermo','guillermo.lara@universidad.edu','2012-07-02'),(38,'Vázquez','Ávila','Beatriz','beatriz.vazquez@universidad.edu','2015-03-19'),(39,'Castañeda','Maldonado','Oscar','oscar.castaneda@universidad.edu','2011-12-06'),(40,'Morales','Ibarra','Lourdes','lourdes.morales@universidad.edu','2013-09-23'),(41,'Ochoa','Juárez','Santiago','santiago.ochoa@universidad.edu','2014-06-10'),(42,'Serrano','Rosas','Alejandra','alejandra.serrano@universidad.edu','2010-01-27'),(43,'Tapia','Lara','Héctor','hector.tapia@universidad.edu','2012-08-14'),(44,'Ramos','Vázquez','Gabriela','gabriela.ramos@universidad.edu','2015-05-01'),(45,'Chávez','Castañeda','Felipe','felipe.chavez@universidad.edu','2011-02-18'),(46,'Herrera','Morales','Marisol','marisol.herrera@universidad.edu','2013-11-05'),(47,'León','Ochoa','Joaquín','joaquin.leon@universidad.edu','2014-08-22'),(48,'Rivera','Serrano','Clara','clara.rivera@universidad.edu','2010-03-09'),(49,'Galván','Tapia','Enrique','enrique.galvan@universidad.edu','2012-10-26'),(50,'Cortés','Ramos','Adela','adela.cortes@universidad.edu','2015-07-13'),(51,'Villarreal','Chávez','Gerardo','gerardo.villarreal@universidad.edu','2011-04-30'),(52,'Bravo','Herrera','Paulina','paulina.bravo@universidad.edu','2013-01-17'),(53,'Solís','León','Roberto','roberto.solis@universidad.edu','2014-10-04'),(54,'Zúñiga','Rivera','Luisa','luisa.zuniga@universidad.edu','2010-05-21'),(55,'Olvera','Galván','Jorge','jorge.olvera@universidad.edu','2012-12-08'),(56,'Pineda','Cortés','María','maria.pineda@universidad.edu','2015-09-25'),(57,'Quintero','Villarreal','Carlos','carlos.quintero@universidad.edu','2011-06-12'),(58,'Acosta','Bravo','Patricia','patricia.acosta@universidad.edu','2013-03-29'),(59,'Padilla','Solís','Fernando','fernando.padilla@universidad.edu','2014-12-16'),(60,'Rangel','Zúñiga','Silvia','silvia.rangel@universidad.edu','2010-07-03'),(61,'Cabrera','Olvera','Arturo','arturo.cabrera@universidad.edu','2012-02-20'),(62,'Trejo','Pineda','Laura','laura.trejo@universidad.edu','2015-11-07'),(63,'Andrade','Quintero','Ricardo','ricardo.andrade@universidad.edu','2011-08-24'),(64,'Barrera','Acosta','Ana','ana.barrera@universidad.edu','2013-05-11'),(65,'Cisneros','Padilla','Javier','javier.cisneros@universidad.edu','2014-02-28'),(66,'Durán','Rangel','Carmen','carmen.duran@universidad.edu','2010-09-15'),(67,'Escobar','Cabrera','Luis','luis.escobar@universidad.edu','2012-04-02'),(68,'Fierro','Trejo','Diana','diana.fierro@universidad.edu','2015-01-19'),(69,'Gaitán','Andrade','Alberto','alberto.gaitan@universidad.edu','2011-10-06'),(70,'Huerta','Barrera','Rosa','rosa.huerta@universidad.edu','2013-07-23'),(71,'Lozano','Cisneros','Manuel','manuel.lozano@universidad.edu','2014-04-10'),(72,'Magaña','Durán','Teresa','teresa.magana@universidad.edu','2010-11-27'),(73,'Nava','Escobar','Jorge','jorge.nava@universidad.edu','2012-06-14'),(74,'Ortiz','Fierro','Adriana','adriana.ortiz@universidad.edu','2015-03-01'),(75,'Peña','Gaitán','Francisco','francisco.pena@universidad.edu','2011-12-18'),(76,'Quiroz','Huerta','María','maria.quiroz@universidad.edu','2013-09-05'),(77,'Rivas','Lozano','Raúl','raul.rivas@universidad.edu','2014-05-22'),(78,'Soria','Magaña','Lucía','lucia.soria@universidad.edu','2010-02-08'),(79,'Téllez','Nava','Guillermo','guillermo.tellez@universidad.edu','2012-09-25'),(80,'Uribe','Ortiz','Beatriz','beatriz.uribe@universidad.edu','2015-06-12'),(81,'Vallejo','Peña','Oscar','oscar.vallejo@universidad.edu','2011-03-29'),(82,'Zamora','Quiroz','Lourdes','lourdes.zamora@universidad.edu','2013-12-16'),(83,'Aguayo','Rivas','Santiago','santiago.aguayo@universidad.edu','2014-07-03'),(84,'Beltrán','Soria','Alejandra','alejandra.beltran@universidad.edu','2010-04-20'),(85,'Cárdenas','Téllez','Héctor','hector.cardenas@universidad.edu','2012-01-07'),(86,'Domínguez','Uribe','Gabriela','gabriela.dominguez@universidad.edu','2015-10-24'),(87,'Fuentes','Vallejo','Felipe','felipe.fuentes@universidad.edu','2011-07-11'),(88,'González','Zamora','Marisol','marisol.gonzalez@universidad.edu','2013-04-28'),(89,'Hernández','Aguayo','Joaquín','joaquin.hernandez@universidad.edu','2014-01-15'),(90,'Jiménez','Beltrán','Clara','clara.jimenez@universidad.edu','2010-08-02'),(91,'López','Cárdenas','Enrique','enrique.lopez@universidad.edu','2012-03-19'),(92,'Martínez','Domínguez','Adela','adela.martinez@universidad.edu','2015-12-06'),(93,'Núñez','Fuentes','Gerardo','gerardo.nunez@universidad.edu','2011-09-23'),(94,'Ortega','González','Paulina','paulina.ortega@universidad.edu','2013-06-10'),(95,'Pérez','Hernández','Roberto','roberto.perez@universidad.edu','2014-03-27'),(96,'Quiroga','Jiménez','Luisa','luisa.quiroga@universidad.edu','2010-10-14'),(97,'Ramírez','López','Jorge','jorge.ramirez@universidad.edu','2012-05-01'),(98,'Sánchez','Martínez','María','maria.sanchez@universidad.edu','2015-02-18'),(99,'Torres','Núñez','Carlos','carlos.torres@universidad.edu','2011-11-05'),(100,'Vega','Ortega','Patricia','patricia.vega@universidad.edu','2013-08-22');
/*!40000 ALTER TABLE `profesor` ENABLE KEYS */;
UNLOCK TABLES;

--
-- Table structure for table `proyecto`
--

DROP TABLE IF EXISTS `proyecto`;
/*!40101 SET @saved_cs_client     = @@character_set_client */;
/*!50503 SET character_set_client = utf8mb4 */;
CREATE TABLE `proyecto` (
  `idProyecto` int NOT NULL,
  `nombre` varchar(80) NOT NULL,
  `inicio` date NOT NULL,
  `final` date NOT NULL,
  `idInvestigador` int NOT NULL,
  PRIMARY KEY (`idProyecto`),
  KEY `idInvestigador` (`idInvestigador`),
  CONSTRAINT `proyecto_ibfk_1` FOREIGN KEY (`idInvestigador`) REFERENCES `investigador` (`idInvestigador`)
) ENGINE=InnoDB DEFAULT CHARSET=utf8mb4 COLLATE=utf8mb4_0900_ai_ci;
/*!40101 SET character_set_client = @saved_cs_client */;

--
-- Dumping data for table `proyecto`
--

LOCK TABLES `proyecto` WRITE;
/*!40000 ALTER TABLE `proyecto` DISABLE KEYS */;
INSERT INTO `proyecto` VALUES (1,'Deep Learning para diagnóstico médico','2021-01-15','2023-12-31',1),(2,'Blockchain en sistemas de votación','2022-03-01','2024-06-30',2),(3,'Optimización de redes 5G','2020-07-10','2023-05-15',3),(4,'IA para conservación ambiental','2021-09-20','2024-03-20',4),(5,'Ciberseguridad en IoT médico','2022-05-12','2025-01-10',5),(6,'Realidad Virtual en terapia psicológica','2020-11-05','2023-08-22',6),(7,'Algoritmos cuánticos para finanzas','2021-04-18','2024-02-28',7),(8,'Plataforma de aprendizaje adaptativo','2022-08-30','2025-06-15',8),(9,'Detección temprana de desastres naturales','2020-12-15','2023-10-31',9),(10,'Robótica de enjambre para rescate','2021-06-22','2024-04-18',10),(11,'Análisis de sentimiento en redes sociales','2022-02-10','2024-09-30',11),(12,'Computación en el borde para ciudades inteligentes','2020-09-28','2023-07-15',12),(13,'Generación automática de contenido educativo','2021-03-05','2024-01-20',13),(14,'Sistemas autónomos para agricultura','2022-07-18','2025-05-10',14),(15,'Modelado predictivo de pandemias','2020-10-12','2023-08-30',15),(16,'Interfaces cerebro-computadora accesibles','2021-05-25','2024-03-15',16),(17,'Blockchain para gestión de identidad','2022-01-08','2024-10-22',17),(18,'Visión por computadora para calidad industrial','2020-08-15','2023-06-10',18),(19,'Asistentes virtuales con empatía','2021-02-20','2024-12-05',19),(20,'Optimización logística con IA','2022-06-05','2025-04-18',20),(21,'Detección de deepfakes','2020-12-30','2023-09-15',21),(22,'Computación cuántica aplicada a química','2021-07-12','2024-05-22',22),(23,'Realidad aumentada para museos','2022-03-25','2025-01-10',23),(24,'Seguridad en vehículos autónomos','2020-11-18','2023-08-05',24),(25,'Generación de lenguaje natural','2021-04-30','2024-02-15',25),(26,'Sistemas de recomendación éticos','2022-09-12','2025-07-01',26),(27,'Monitoreo ambiental con drones','2020-10-05','2023-07-20',27),(28,'Diagnóstico de cáncer con IA','2021-05-15','2024-03-30',28),(29,'Blockchain para derechos de autor','2022-02-28','2024-11-15',29),(30,'Robótica colaborativa en manufactura','2020-09-10','2023-06-25',30),(31,'Análisis forense digital','2021-03-22','2024-01-10',31),(32,'Personalización educativa con IA','2022-08-05','2025-05-20',32),(33,'Simulaciones climáticas de alto rendimiento','2020-12-20','2023-09-30',33),(34,'Asistentes para personas con discapacidad','2021-06-08','2024-04-15',34),(35,'Criptografía post-cuántica','2022-04-15','2025-02-28',35),(36,'Generación de música con IA','2020-10-30','2023-08-12',36),(37,'Optimización de tráfico urbano','2021-07-25','2024-05-10',37),(38,'Detección de noticias falsas','2022-01-18','2024-10-05',38),(39,'Robótica blanda para medicina','2020-08-12','2023-05-30',39),(40,'Privacidad en sistemas de recomendación','2021-02-05','2024-12-15',40),(41,'Computación neuromórfica','2022-07-20','2025-04-10',41),(42,'Análisis de movilidad urbana','2020-11-15','2023-09-01',42),(43,'Traducción automática de lenguas indígenas','2021-04-28','2024-02-10',43),(44,'Sistemas autónomos submarinos','2022-10-10','2025-07-25',44),(45,'Generación de arte con IA','2020-09-22','2023-06-15',45),(46,'Predicción de fallas en infraestructura','2021-05-10','2024-03-28',46),(47,'Realidad virtual para entrenamiento médico','2022-03-05','2025-01-20',47),(48,'Blockchain para cadena de suministro','2020-10-18','2023-07-30',48),(49,'Diagnóstico de enfermedades raras con IA','2021-06-30','2024-04-12',49),(50,'Interfaces hápticas avanzadas','2022-02-12','2024-11-25',50),(51,'Análisis de redes sociales para salud pública','2020-07-25','2023-05-10',51),(52,'Computación cuántica para optimización','2021-01-15','2024-10-30',52),(53,'Robótica para asistencia a adultos mayores','2022-09-08','2025-06-20',53),(54,'Detección temprana de incendios forestales','2020-12-10','2023-08-25',54),(55,'Generación de código automático','2021-08-22','2024-06-05',55),(56,'Privacidad diferencial en big data','2022-04-05','2025-01-18',56),(57,'Simuladores virtuales para entrenamiento industrial','2020-11-28','2023-09-15',57),(58,'Diagnóstico de autismo con IA','2021-07-15','2024-05-30',58),(59,'Blockchain para registros médicos','2022-05-20','2025-03-10',59),(60,'Interfaces cerebro-computadora para creatividad','2020-10-05','2023-07-22',60),(61,'Análisis predictivo de rendimiento académico','2021-03-18','2024-01-05',61),(62,'Computación afectiva','2022-08-30','2025-06-12',62),(63,'Robótica para exploración espacial','2020-09-15','2023-06-28',63),(64,'Generación de resúmenes automáticos','2021-04-10','2024-02-25',64),(65,'Seguridad en sistemas de votación electrónica','2022-01-25','2024-10-10',65),(66,'Realidad mixta para arquitectura','2020-08-20','2023-05-15',66),(67,'Diagnóstico de enfermedades mentales con IA','2021-02-12','2024-12-30',67),(68,'Blockchain para energía renovable','2022-07-05','2025-04-18',68),(69,'Interfaces naturales para discapacitados visuales','2020-12-22','2023-09-10',69),(70,'Análisis de genómica con machine learning','2021-06-15','2024-04-28',70),(71,'Computación cuántica para criptografía','2022-03-08','2025-01-22',71),(72,'Robótica para cirugía mínimamente invasiva','2020-10-30','2023-07-15',72),(73,'Generación de contenido periodístico automático','2021-05-20','2024-03-05',73),(74,'Privacidad en IoT doméstico','2022-02-15','2024-11-28',74),(75,'Simuladores virtuales para desastres naturales','2020-07-28','2023-05-12',75),(76,'Diagnóstico de COVID-19 con rayos X e IA','2021-01-10','2024-10-25',76),(77,'Blockchain para propiedad intelectual','2022-09-22','2025-07-05',77),(78,'Interfaces gestuales para realidad aumentada','2020-11-05','2023-08-18',78),(79,'Análisis predictivo de crimen','2021-07-30','2024-05-12',79),(80,'Computación bioinspirada para optimización','2022-04-12','2025-02-25',80),(81,'Robótica para rehabilitación física','2020-09-18','2023-06-30',81),(82,'Generación automática de música terapéutica','2021-03-05','2024-01-20',82),(83,'Seguridad en sistemas de pago móvil','2022-08-15','2025-05-28',83),(84,'Realidad virtual para fobias','2020-10-08','2023-07-22',84),(85,'Diagnóstico de Alzheimer con IA','2021-04-25','2024-02-08',85),(86,'Blockchain para trazabilidad alimentaria','2022-05-30','2025-03-15',86),(87,'Interfaces cerebro-computadora para comunicación','2020-12-12','2023-09-25',87),(88,'Análisis de emociones en servicio al cliente','2021-08-05','2024-06-18',88),(89,'Computación cuántica para descubrimiento de fármacos','2022-06-18','2025-04-01',89),(90,'Robótica para educación infantil','2020-11-20','2023-08-05',90),(91,'Generación automática de arte abstracto','2021-05-12','2024-03-28',91),(92,'Privacidad en wearables de salud','2022-03-25','2025-01-10',92),(93,'Simuladores virtuales para entrenamiento deportivo','2020-08-15','2023-05-30',93),(94,'Diagnóstico de Parkinson con IA','2021-02-28','2024-12-12',94),(95,'Blockchain para certificación académica','2022-10-10','2025-07-25',95),(96,'Interfaces táctiles para invidentes','2020-09-05','2023-06-18',96),(97,'Análisis predictivo de abandono escolar','2021-06-22','2024-04-05',97),(98,'Computación cuántica para logística','2022-04-08','2025-02-20',98),(99,'Robótica para arqueología','2020-10-30','2023-07-15',99),(100,'Generación automática de poesía','2021-07-15','2024-05-30',100);
/*!40000 ALTER TABLE `proyecto` ENABLE KEYS */;
UNLOCK TABLES;

--
-- Dumping events for database 'investigacionglobal'
--

--
-- Dumping routines for database 'investigacionglobal'
--
/*!40103 SET TIME_ZONE=@OLD_TIME_ZONE */;

/*!40101 SET SQL_MODE=@OLD_SQL_MODE */;
/*!40014 SET FOREIGN_KEY_CHECKS=@OLD_FOREIGN_KEY_CHECKS */;
/*!40014 SET UNIQUE_CHECKS=@OLD_UNIQUE_CHECKS */;
/*!40101 SET CHARACTER_SET_CLIENT=@OLD_CHARACTER_SET_CLIENT */;
/*!40101 SET CHARACTER_SET_RESULTS=@OLD_CHARACTER_SET_RESULTS */;
/*!40101 SET COLLATION_CONNECTION=@OLD_COLLATION_CONNECTION */;
/*!40111 SET SQL_NOTES=@OLD_SQL_NOTES */;

-- Dump completed on 2025-04-30 10:07:25
